Handle,Title,Body (HTML),Vendor,Product Category,Type,Tags,Published,Option1 Name,Option1 Value,Option2 Name,Option2 Value,Option3 Name,Option3 Value,Variant SKU,Variant Grams,Variant Inventory Tracker,Variant Inventory Qty,Variant Inventory Policy,Variant Fulfillment Service,Variant Price,Variant Compare At Price,Variant Requires Shipping,Variant Taxable,Variant Barcode,Image Src,Image Position,Image Alt Text,Gift Card,SEO Title,SEO Description,Google Shopping / Google Product Category,Google Shopping / Gender,Google Shopping / Age Group,Variant Image,Variant Weight Unit,Variant Tax Code,Cost per item,Included / United States,Price / United States,Compare At Price / United States,Included / International,Price / International,Compare At Price / International,Status
aden,ADEN,"<h3>ADEN</h3><p><em>Previously known as Oud Fire</em></p><p>Warm oud, fire-roasted amber</p><p>The port city exhales in layers — salt-crusted timber, coal smoke curling from dockside braziers, the honeyed amber of frankincense stacked in merchant stalls. Aden has traded in fire since before memory. You press your wrist to warm stone and the oud rises like a signal flame, dark and unhurried, carrying the weight of every cargo that ever passed through these ancient walls.</p><p><strong>Ember Territory</strong> — The Intimacy of Ancient Routes</p><p>Clean, skin-safe perfume oil. Alcohol-free. Cruelty-free.</p>",Tarife Attar,Health & Beauty > Personal Care > Cosmetics > Perfume & Cologne,Perfume Oil,"Atlas Collection, Ember, Ember Territory, formerly Oud Fire, Warm oud, fire-roasted amber, perfume oil, clean fragrance, alcohol-free, cruelty-free, skin-safe",TRUE,Size,6ml,,,,,TA-ADEN-6ML,30,shopify,10,deny,manual,28,,TRUE,TRUE,,,1,ADEN perfume oil by Tarife Attar,FALSE,ADEN — Oud Fire Perfume Oil | Tarife Attar Atlas Collection,"Warm oud, fire-roasted amber. Ember Territory. Clean, skin-safe perfume oil. Previously known as Oud Fire. Alcohol-free, cruelty-free.",Health & Beauty > Personal Care > Cosmetics > Perfume & Cologne,Unisex,Adult,,g,,,TRUE,,,TRUE,,,active
aden,,,,,,,,Size,12ml,,,,,TA-ADEN-12ML,55,shopify,5,deny,manual,48,,TRUE,TRUE,,,,,,,,,,,,g,,,TRUE,,,TRUE,,,
saana,SAANA,"<h3>SAANA</h3><p><em>Previously known as Honey Oud</em></p><p>Raw honey, aged oud, desert spice</p><p>The old city rises at seven thousand feet, its tower houses built of rammed earth and gypsum, their windows glowing like amber lanterns against a desert sky. In the souks of Sana'a, wild honey arrives in clay vessels from the highlands — dark, floral, thick with the memory of mountain wildflowers. The oud here is sun-warmed and golden, sweetened by altitude and time. Saana is the scent of honey dripped onto ancient wood, of warmth earned through elevation, of a city that has been keeping secrets since before the caravans arrived.</p><p><strong>Ember Territory</strong> — The Intimacy of Ancient Routes</p><p>Clean, skin-safe perfume oil. Alcohol-free. Cruelty-free.</p>",Tarife Attar,Health & Beauty > Personal Care > Cosmetics > Perfume & Cologne,Perfume Oil,"Atlas Collection, Ember, Ember Territory, formerly Honey Oud, Raw honey, aged oud, desert spice, perfume oil, clean fragrance, alcohol-free, cruelty-free, skin-safe",TRUE,Size,6ml,,,,,TA-SAANA-6ML,30,shopify,10,deny,manual,28,,TRUE,TRUE,,,1,SAANA perfume oil by Tarife Attar,FALSE,SAANA — Honey Oud Perfume Oil | Tarife Attar Atlas Collection,"Raw honey, aged oud, desert spice. Ember Territory. Clean, skin-safe perfume oil. Previously known as Honey Oud. Alcohol-free, cruelty-free.",Health & Beauty > Personal Care > Cosmetics > Perfume & Cologne,Unisex,Adult,,g,,,TRUE,,,TRUE,,,active
saana,,,,,,,,Size,12ml,,,,,TA-SAANA-12ML,55,shopify,5,deny,manual,48,,TRUE,TRUE,,,,,,,,,,,,g,,,TRUE,,,TRUE,,,
granada,GRANADA,"<h3>GRANADA</h3><p><em>Previously known as Granada Amber</em></p><p>Spanish amber, Moorish garden</p><p>Beneath the Alhambra's latticed arches, the air holds still. Warm amber pools in the courtyards where Moorish fountains once sang. Orange blossom drifts from the Generalife gardens, settling on sunlit stone. Granada smells the way memory does — layered, golden, impossible to hold but impossible to forget.</p><p><strong>Ember Territory</strong> — The Intimacy of Ancient Routes</p><p>Clean, skin-safe perfume oil. Alcohol-free. Cruelty-free.</p>",Tarife Attar,Health & Beauty > Personal Care > Cosmetics > Perfume & Cologne,Perfume Oil,"Atlas Collection, Ember, Ember Territory, formerly Granada Amber, Spanish amber, Moorish garden, perfume oil, clean fragrance, alcohol-free, cruelty-free, skin-safe",TRUE,Size,6ml,,,,,TA-GRANADA-6ML,30,shopify,10,deny,manual,28,,TRUE,TRUE,,,1,GRANADA perfume oil by Tarife Attar,FALSE,GRANADA — Granada Amber Perfume Oil | Tarife Attar Atlas Collection,"Spanish amber, Moorish garden. Ember Territory. Clean, skin-safe perfume oil. Previously known as Granada Amber. Alcohol-free, cruelty-free.",Health & Beauty > Personal Care > Cosmetics > Perfume & Cologne,Unisex,Adult,,g,,,TRUE,,,TRUE,,,active
granada,,,,,,,,Size,12ml,,,,,TA-GRANADA-12ML,55,shopify,5,deny,manual,48,,TRUE,TRUE,,,,,,,,,,,,g,,,TRUE,,,TRUE,,,
malabar,MALABAR,"<h3>MALABAR</h3><p><em>Previously known as Vanilla Sands</em></p><p>Balsam, rose, vanilla, monsoon warmth</p><p>The Malabar Coast unfurls like a green ribbon along the Arabian Sea — pepper vines climbing teak forests, cardamom drying on stone terraces, vanilla orchids threading through the canopy. This is where the spice trade began, where Arab and Chinese merchants dropped anchor centuries before the Portuguese rounded the Cape. The air here is heavy with resin and sweetness, vanilla warmed by monsoon rain, balsam carried on salt wind. Malabar is the scent of origin itself — the coast where the world first learned to trade in beauty.</p><p><strong>Ember Territory</strong> — The Intimacy of Ancient Routes</p><p>Clean, skin-safe perfume oil. Alcohol-free. Cruelty-free.</p>",Tarife Attar,Health & Beauty > Personal Care > Cosmetics > Perfume & Cologne,Perfume Oil,"Atlas Collection, Ember, Ember Territory, formerly Vanilla Sands, Balsam, rose, vanilla, monsoon warmth, perfume oil, clean fragrance, alcohol-free, cruelty-free, skin-safe",TRUE,Size,6ml,,,,,TA-MALABAR-6ML,30,shopify,10,deny,manual,28,,TRUE,TRUE,,,1,MALABAR perfume oil by Tarife Attar,FALSE,MALABAR — Vanilla Sands Perfume Oil | Tarife Attar Atlas Collection,"Balsam, rose, vanilla, monsoon warmth. Ember Territory. Clean, skin-safe perfume oil. Previously known as Vanilla Sands. Alcohol-free, cruelty-free.",Health & Beauty > Personal Care > Cosmetics > Perfume & Cologne,Unisex,Adult,,g,,,TRUE,,,TRUE,,,active
malabar,,,,,,,,Size,12ml,,,,,TA-MALABAR-12ML,55,shopify,5,deny,manual,48,,TRUE,TRUE,,,,,,,,,,,,g,,,TRUE,,,TRUE,,,
serengeti,SERENGETI,"<h3>SERENGETI</h3><p><em>Previously known as Black Musk</em></p><p>Dark musk, ancient resin, deep gravity</p><p>Night falls fast on the plain. The grass exhales a dark, musky warmth and somewhere a fire crackles low, throwing shadows against acacia trunks. This is the scent of the earth before anything was built on it — black musk, volcanic resin, the deep gravitational pull of a continent that has never needed to prove itself.</p><p><strong>Ember Territory</strong> — The Intimacy of Ancient Routes</p><p>Clean, skin-safe perfume oil. Alcohol-free. Cruelty-free.</p>",Tarife Attar,Health & Beauty > Personal Care > Cosmetics > Perfume & Cologne,Perfume Oil,"Atlas Collection, Ember, Ember Territory, formerly Black Musk, Dark musk, ancient resin, deep gravity, perfume oil, clean fragrance, alcohol-free, cruelty-free, skin-safe",TRUE,Size,6ml,,,,,TA-SERENGETI-6ML,30,shopify,10,deny,manual,28,,TRUE,TRUE,,,1,SERENGETI perfume oil by Tarife Attar,FALSE,SERENGETI — Black Musk Perfume Oil | Tarife Attar Atlas Collection,"Dark musk, ancient resin, deep gravity. Ember Territory. Clean, skin-safe perfume oil. Previously known as Black Musk. Alcohol-free, cruelty-free.",Health & Beauty > Personal Care > Cosmetics > Perfume & Cologne,Unisex,Adult,,g,,,TRUE,,,TRUE,,,active
serengeti,,,,,,,,Size,12ml,,,,,TA-SERENGETI-12ML,55,shopify,5,deny,manual,48,,TRUE,TRUE,,,,,,,,,,,,g,,,TRUE,,,TRUE,,,
beirut,BEIRUT,"<h3>BEIRUT</h3><p>Blood mandarin, cinnamon, leather</p><p>The city rebuilds itself every generation and somehow comes back more beautiful. Beirut at night is gold leaf and concrete, rooftop bars overlooking the Corniche, the scent of jasmine and construction dust carried on Mediterranean air. There is a specific glamour here — earned, not inherited. Spiced leather and amber warmed by skin that has danced until the call to prayer. Beirut is the scent of resilience dressed in silk, of a city that refuses to stop celebrating even when the walls shake.</p><p><strong>Ember Territory</strong> — The Intimacy of Ancient Routes</p><p>Clean, skin-safe perfume oil. Alcohol-free. Cruelty-free.</p>",Tarife Attar,Health & Beauty > Personal Care > Cosmetics > Perfume & Cologne,Perfume Oil,"Atlas Collection, Ember, Ember Territory, Blood mandarin, cinnamon, leather, perfume oil, clean fragrance, alcohol-free, cruelty-free, skin-safe",TRUE,Size,6ml,,,,,TA-BEIRUT-6ML,30,shopify,10,deny,manual,28,,TRUE,TRUE,,,1,BEIRUT perfume oil by Tarife Attar,FALSE,BEIRUT — Perfume Oil | Tarife Attar Atlas Collection,"Blood mandarin, cinnamon, leather. Ember Territory. Clean, skin-safe perfume oil. Alcohol-free, cruelty-free.",Health & Beauty > Personal Care > Cosmetics > Perfume & Cologne,Unisex,Adult,,g,,,TRUE,,,TRUE,,,active
beirut,,,,,,,,Size,12ml,,,,,TA-BEIRUT-12ML,55,shopify,5,deny,manual,48,,TRUE,TRUE,,,,,,,,,,,,g,,,TRUE,,,TRUE,,,
tarifa,TARIFA,"<h3>TARIFA</h3><p><em>Previously known as Teeb Musk</em></p><p>White flowers, jasmine, powdery musk</p><p>The wind never stops in Tarifa. It sweeps across the Strait of Gibraltar, carrying Africa on one gust and Europe on the next, mixing jasmine with salt, powder with stone. This is the southernmost point of the continent — the place where the Atlas begins, where the cartographer first set pen to paper. The musk here is white and close, intimate as a whispered coordinate, clinging to wind-chapped skin like a secret shared between two shores. Tarifa is where the map starts and the perfume becomes personal.</p><p><strong>Ember Territory</strong> — The Intimacy of Ancient Routes</p><p>Clean, skin-safe perfume oil. Alcohol-free. Cruelty-free.</p>",Tarife Attar,Health & Beauty > Personal Care > Cosmetics > Perfume & Cologne,Perfume Oil,"Atlas Collection, Ember, Ember Territory, formerly Teeb Musk, White flowers, jasmine, powdery musk, perfume oil, clean fragrance, alcohol-free, cruelty-free, skin-safe",TRUE,Size,6ml,,,,,TA-TARIFA-6ML,30,shopify,10,deny,manual,28,,TRUE,TRUE,,,1,TARIFA perfume oil by Tarife Attar,FALSE,TARIFA — Teeb Musk Perfume Oil | Tarife Attar Atlas Collection,"White flowers, jasmine, powdery musk. Ember Territory. Clean, skin-safe perfume oil. Previously known as Teeb Musk. Alcohol-free, cruelty-free.",Health & Beauty > Personal Care > Cosmetics > Perfume & Cologne,Unisex,Adult,,g,,,TRUE,,,TRUE,,,active
tarifa,,,,,,,,Size,12ml,,,,,TA-TARIFA-12ML,55,shopify,5,deny,manual,48,,TRUE,TRUE,,,,,,,,,,,,g,,,TRUE,,,TRUE,,,
bahia,BAHIA,"<h3>BAHIA</h3><p><em>Previously known as Coconut Jasmine</em></p><p>Brazilian coast, jasmine, warm coconut</p><p>The coast curves like a hip and the water is the temperature of skin. Jasmine grows wild above the tide line, its petals scattering onto black sand. In Salvador da Bahia, the air never loses its warmth — coconut milk simmering in dendê oil, white flowers pinned in dark hair, the Atlantic exhaling through open windows at three in the afternoon.</p><p><strong>Tidal Territory</strong> — The Pull of Open Water</p><p>Clean, skin-safe perfume oil. Alcohol-free. Cruelty-free.</p>",Tarife Attar,Health & Beauty > Personal Care > Cosmetics > Perfume & Cologne,Perfume Oil,"Atlas Collection, Tidal, Tidal Territory, formerly Coconut Jasmine, Brazilian coast, jasmine, warm coconut, perfume oil, clean fragrance, alcohol-free, cruelty-free, skin-safe",TRUE,Size,6ml,,,,,TA-BAHIA-6ML,30,shopify,10,deny,manual,30,,TRUE,TRUE,,,1,BAHIA perfume oil by Tarife Attar,FALSE,BAHIA — Coconut Jasmine Perfume Oil | Tarife Attar Atlas Collection,"Brazilian coast, jasmine, warm coconut. Tidal Territory. Clean, skin-safe perfume oil. Previously known as Coconut Jasmine. Alcohol-free, cruelty-free.",Health & Beauty > Personal Care > Cosmetics > Perfume & Cologne,Unisex,Adult,,g,,,TRUE,,,TRUE,,,active
bahia,,,,,,,,Size,12ml,,,,,TA-BAHIA-12ML,55,shopify,5,deny,manual,50,,TRUE,TRUE,,,,,,,,,,,,g,,,TRUE,,,TRUE,,,
bahrain,BAHRAIN,"<h3>BAHRAIN</h3><p><em>Previously known as Blue Oud</em></p><p>Pearl diver's musk, gulf breeze</p><p>Before the oil, there were pearls. The divers descended on a single breath into the blue-green Arabian Gulf, surfacing with nacreous treasure and lungs full of salt. Bahrain still smells of that clean courage — gulf breeze, white musk dried in sea air, the mineral calm of water that has held civilizations in its palm.</p><p><strong>Tidal Territory</strong> — The Pull of Open Water</p><p>Clean, skin-safe perfume oil. Alcohol-free. Cruelty-free.</p>",Tarife Attar,Health & Beauty > Personal Care > Cosmetics > Perfume & Cologne,Perfume Oil,"Atlas Collection, Tidal, Tidal Territory, formerly Blue Oud, Pearl diver's musk, gulf breeze, perfume oil, clean fragrance, alcohol-free, cruelty-free, skin-safe",TRUE,Size,6ml,,,,,TA-BAHRAIN-6ML,30,shopify,10,deny,manual,30,,TRUE,TRUE,,,1,BAHRAIN perfume oil by Tarife Attar,FALSE,BAHRAIN — Blue Oud Perfume Oil | Tarife Attar Atlas Collection,"Pearl diver's musk, gulf breeze. Tidal Territory. Clean, skin-safe perfume oil. Previously known as Blue Oud. Alcohol-free, cruelty-free.",Health & Beauty > Personal Care > Cosmetics > Perfume & Cologne,Unisex,Adult,,g,,,TRUE,,,TRUE,,,active
bahrain,,,,,,,,Size,12ml,,,,,TA-BAHRAIN-12ML,55,shopify,5,deny,manual,50,,TRUE,TRUE,,,,,,,,,,,,g,,,TRUE,,,TRUE,,,
big-sur,BIG SUR,"<h3>BIG SUR</h3><p><em>Previously known as Del Mar</em></p><p>Pacific coast, salt mist, wild cliffs</p><p>The Pacific throws itself against granite and the mist carries everything — wild sage, coastal redwood, the mineral shock of cold saltwater on sun-heated stone. Big Sur is where the continent simply ends and the ocean takes over. The air here is not gentle. It is alive, elemental, tasting of cliffs and fog and freedom.</p><p><strong>Tidal Territory</strong> — The Pull of Open Water</p><p>Clean, skin-safe perfume oil. Alcohol-free. Cruelty-free.</p>",Tarife Attar,Health & Beauty > Personal Care > Cosmetics > Perfume & Cologne,Perfume Oil,"Atlas Collection, Tidal, Tidal Territory, formerly Del Mar, Pacific coast, salt mist, wild cliffs, perfume oil, clean fragrance, alcohol-free, cruelty-free, skin-safe",TRUE,Size,6ml,,,,,TA-BIG-SUR-6ML,30,shopify,10,deny,manual,30,,TRUE,TRUE,,,1,BIG SUR perfume oil by Tarife Attar,FALSE,BIG SUR — Del Mar Perfume Oil | Tarife Attar Atlas Collection,"Pacific coast, salt mist, wild cliffs. Tidal Territory. Clean, skin-safe perfume oil. Previously known as Del Mar. Alcohol-free, cruelty-free.",Health & Beauty > Personal Care > Cosmetics > Perfume & Cologne,Unisex,Adult,,g,,,TRUE,,,TRUE,,,active
big-sur,,,,,,,,Size,12ml,,,,,TA-BIG-SUR-12ML,55,shopify,5,deny,manual,50,,TRUE,TRUE,,,,,,,,,,,,g,,,TRUE,,,TRUE,,,
meishan,MEISHAN,"<h3>MEISHAN</h3><p><em>Previously known as China Rain</em></p><p>Rain-washed tea terraces, white lily</p><p>The tea terraces climb into cloud. In Sichuan's green heart, where the mountains trap the rain and the bamboo forests breathe mist, the air carries a scent that has no Western name — the Chinese call it petrichor before petrichor existed. Green leaves after rainfall, white lily opening in humid air, moss on ancient stone. Meishan is the scent of the world washing itself clean, of water becoming garden, of the moment after the storm when everything is new and glistening and impossibly alive.</p><p><strong>Tidal Territory</strong> — The Pull of Open Water</p><p>Clean, skin-safe perfume oil. Alcohol-free. Cruelty-free.</p>",Tarife Attar,Health & Beauty > Personal Care > Cosmetics > Perfume & Cologne,Perfume Oil,"Atlas Collection, Tidal, Tidal Territory, formerly China Rain, Rain-washed tea terraces, white lily, perfume oil, clean fragrance, alcohol-free, cruelty-free, skin-safe",TRUE,Size,6ml,,,,,TA-MEISHAN-6ML,30,shopify,10,deny,manual,30,,TRUE,TRUE,,,1,MEISHAN perfume oil by Tarife Attar,FALSE,MEISHAN — China Rain Perfume Oil | Tarife Attar Atlas Collection,"Rain-washed tea terraces, white lily. Tidal Territory. Clean, skin-safe perfume oil. Previously known as China Rain. Alcohol-free, cruelty-free.",Health & Beauty > Personal Care > Cosmetics > Perfume & Cologne,Unisex,Adult,,g,,,TRUE,,,TRUE,,,active
meishan,,,,,,,,Size,12ml,,,,,TA-MEISHAN-12ML,55,shopify,5,deny,manual,50,,TRUE,TRUE,,,,,,,,,,,,g,,,TRUE,,,TRUE,,,
monaco,MONACO,"<h3>MONACO</h3><p><em>Previously known as Dubai Musk</em></p><p>Mediterranean luxury, coastal elegance</p><p>The harbor at dusk. White hulls rock gently against their moorings and the last light gilds the Casino's façade. The air carries neroli from the palace gardens, marine salt, and the metallic elegance of cold champagne. Monaco smells the way luxury feels when it stops trying — effortless, coastal, a whisper of citrus on a linen cuff.</p><p><strong>Tidal Territory</strong> — The Pull of Open Water</p><p>Clean, skin-safe perfume oil. Alcohol-free. Cruelty-free.</p>",Tarife Attar,Health & Beauty > Personal Care > Cosmetics > Perfume & Cologne,Perfume Oil,"Atlas Collection, Tidal, Tidal Territory, formerly Dubai Musk, Mediterranean luxury, coastal elegance, perfume oil, clean fragrance, alcohol-free, cruelty-free, skin-safe",TRUE,Size,6ml,,,,,TA-MONACO-6ML,30,shopify,10,deny,manual,30,,TRUE,TRUE,,,1,MONACO perfume oil by Tarife Attar,FALSE,MONACO — Dubai Musk Perfume Oil | Tarife Attar Atlas Collection,"Mediterranean luxury, coastal elegance. Tidal Territory. Clean, skin-safe perfume oil. Previously known as Dubai Musk. Alcohol-free, cruelty-free.",Health & Beauty > Personal Care > Cosmetics > Perfume & Cologne,Unisex,Adult,,g,,,TRUE,,,TRUE,,,active
monaco,,,,,,,,Size,12ml,,,,,TA-MONACO-12ML,55,shopify,5,deny,manual,50,,TRUE,TRUE,,,,,,,,,,,,g,,,TRUE,,,TRUE,,,
tangiers,TANGIERS,"<h3>TANGIERS</h3><p><em>Previously known as Regatta</em></p><p>Bergamot, vervain, matcha tea, musk</p><p>The medina narrows and the light turns blue. White walls, white musks, the clean ethereal haze of the Moroccan art of scenting the body with nothing but air and light. Tangiers sits at the hinge of two seas, two continents, and its musk carries that duality: weightless and grounding, fresh and eternal.</p><p><strong>Tidal Territory</strong> — The Pull of Open Water</p><p>Clean, skin-safe perfume oil. Alcohol-free. Cruelty-free.</p>",Tarife Attar,Health & Beauty > Personal Care > Cosmetics > Perfume & Cologne,Perfume Oil,"Atlas Collection, Tidal, Tidal Territory, formerly Regatta, Bergamot, vervain, matcha tea, musk, perfume oil, clean fragrance, alcohol-free, cruelty-free, skin-safe",TRUE,Size,6ml,,,,,TA-TANGIERS-6ML,30,shopify,10,deny,manual,30,,TRUE,TRUE,,,1,TANGIERS perfume oil by Tarife Attar,FALSE,TANGIERS — Regatta Perfume Oil | Tarife Attar Atlas Collection,"Bergamot, vervain, matcha tea, musk. Tidal Territory. Clean, skin-safe perfume oil. Previously known as Regatta. Alcohol-free, cruelty-free.",Health & Beauty > Personal Care > Cosmetics > Perfume & Cologne,Unisex,Adult,,g,,,TRUE,,,TRUE,,,active
tangiers,,,,,,,,Size,12ml,,,,,TA-TANGIERS-12ML,55,shopify,5,deny,manual,50,,TRUE,TRUE,,,,,,,,,,,,g,,,TRUE,,,TRUE,,,
tigris,TIGRIS,"<h3>TIGRIS</h3><p>Ancient river, grapefruit, ginger, ambrette</p><p>The river has been flowing since the first word was written in the clay beside it. The water catches light from a sky that stretches to the edges of civilization. Aquatic musk rises from the reeds — mineral, ancient, moving. The Tigris does not rush. It carries. And what it carries smells of green water, warm silt, and the patience of deep time.</p><p><strong>Tidal Territory</strong> — The Pull of Open Water</p><p>Clean, skin-safe perfume oil. Alcohol-free. Cruelty-free.</p>",Tarife Attar,Health & Beauty > Personal Care > Cosmetics > Perfume & Cologne,Perfume Oil,"Atlas Collection, Tidal, Tidal Territory, Ancient river, grapefruit, ginger, ambrette, perfume oil, clean fragrance, alcohol-free, cruelty-free, skin-safe",TRUE,Size,6ml,,,,,TA-TIGRIS-6ML,30,shopify,10,deny,manual,30,,TRUE,TRUE,,,1,TIGRIS perfume oil by Tarife Attar,FALSE,TIGRIS — Perfume Oil | Tarife Attar Atlas Collection,"Ancient river, grapefruit, ginger, ambrette. Tidal Territory. Clean, skin-safe perfume oil. Alcohol-free, cruelty-free.",Health & Beauty > Personal Care > Cosmetics > Perfume & Cologne,Unisex,Adult,,g,,,TRUE,,,TRUE,,,active
tigris,,,,,,,,Size,12ml,,,,,TA-TIGRIS-12ML,55,shopify,5,deny,manual,50,,TRUE,TRUE,,,,,,,,,,,,g,,,TRUE,,,TRUE,,,
carmel,CARMEL,"<h3>CARMEL</h3><p><em>Previously known as White Amber</em></p><p>Soft amber, warm skin scent</p><p>The town has no street numbers because it has never needed them. In Carmel-by-the-Sea, the cypress trees lean with the fog and the ocean disappears every morning behind a veil of mist so soft it feels like gauze against your face. There are no neon signs. No urgency. Just the quiet warmth of amber worn close to skin, barely there, present only to those who lean in. Carmel is the scent of understatement — the whispered confidence of a woman who has never once raised her voice to be heard.</p><p><strong>Petal Territory</strong> — The Exhale of Living Gardens</p><p>Clean, skin-safe perfume oil. Alcohol-free. Cruelty-free.</p>",Tarife Attar,Health & Beauty > Personal Care > Cosmetics > Perfume & Cologne,Perfume Oil,"Atlas Collection, Petal, Petal Territory, formerly White Amber, Soft amber, warm skin scent, perfume oil, clean fragrance, alcohol-free, cruelty-free, skin-safe",TRUE,Size,6ml,,,,,TA-CARMEL-6ML,30,shopify,10,deny,manual,30,,TRUE,TRUE,,,1,CARMEL perfume oil by Tarife Attar,FALSE,CARMEL — White Amber Perfume Oil | Tarife Attar Atlas Collection,"Soft amber, warm skin scent. Petal Territory. Clean, skin-safe perfume oil. Previously known as White Amber. Alcohol-free, cruelty-free.",Health & Beauty > Personal Care > Cosmetics > Perfume & Cologne,Unisex,Adult,,g,,,TRUE,,,TRUE,,,active
carmel,,,,,,,,Size,12ml,,,,,TA-CARMEL-12ML,55,shopify,5,deny,manual,50,,TRUE,TRUE,,,,,,,,,,,,g,,,TRUE,,,TRUE,,,
damascus,DAMASCUS,"<h3>DAMASCUS</h3><p><em>Previously known as Turkish Rose</em></p><p>Damask rose, Turkish rosewater</p><p>The rose harvest begins before dawn. Hands move through wet petals — Damask roses, heavy-headed, blooming in a perfection that lasts only hours. The distillers work quickly, capturing the fleeting sweetness before the Syrian sun burns it away. What remains is rosewater so pure it makes the air tremble, layered with a softness that lingers on linen and skin long after the petals have fallen.</p><p><strong>Petal Territory</strong> — The Exhale of Living Gardens</p><p>Clean, skin-safe perfume oil. Alcohol-free. Cruelty-free.</p>",Tarife Attar,Health & Beauty > Personal Care > Cosmetics > Perfume & Cologne,Perfume Oil,"Atlas Collection, Petal, Petal Territory, formerly Turkish Rose, Damask rose, Turkish rosewater, perfume oil, clean fragrance, alcohol-free, cruelty-free, skin-safe",TRUE,Size,6ml,,,,,TA-DAMASCUS-6ML,30,shopify,10,deny,manual,30,,TRUE,TRUE,,,1,DAMASCUS perfume oil by Tarife Attar,FALSE,DAMASCUS — Turkish Rose Perfume Oil | Tarife Attar Atlas Collection,"Damask rose, Turkish rosewater. Petal Territory. Clean, skin-safe perfume oil. Previously known as Turkish Rose. Alcohol-free, cruelty-free.",Health & Beauty > Personal Care > Cosmetics > Perfume & Cologne,Unisex,Adult,,g,,,TRUE,,,TRUE,,,active
damascus,,,,,,,,Size,12ml,,,,,TA-DAMASCUS-12ML,55,shopify,5,deny,manual,50,,TRUE,TRUE,,,,,,,,,,,,g,,,TRUE,,,TRUE,,,
tobago,TOBAGO,"<h3>TOBAGO</h3><p><em>Previously known as Arabian Jasmine</em></p><p>Pure jasmine sambac, tropical bloom</p><p>The quieter island keeps its jasmine to itself. Where Trinidad drums and burns, Tobago blooms — white flowers climbing pastel walls, jasmine hedges lining red-dirt roads that lead to empty beaches and rainforest so old it remembers the Arawak. The air is generous here, warm and sweet without asking anything in return. Tobago is the scent of jasmine at its most honest — sun-opened, salt-touched, free of pretense, worn by the island the way the island wears its light: effortlessly.</p><p><strong>Petal Territory</strong> — The Exhale of Living Gardens</p><p>Clean, skin-safe perfume oil. Alcohol-free. Cruelty-free.</p>",Tarife Attar,Health & Beauty > Personal Care > Cosmetics > Perfume & Cologne,Perfume Oil,"Atlas Collection, Petal, Petal Territory, formerly Arabian Jasmine, Pure jasmine sambac, tropical bloom, perfume oil, clean fragrance, alcohol-free, cruelty-free, skin-safe",TRUE,Size,6ml,,,,,TA-TOBAGO-6ML,30,shopify,10,deny,manual,30,,TRUE,TRUE,,,1,TOBAGO perfume oil by Tarife Attar,FALSE,TOBAGO — Arabian Jasmine Perfume Oil | Tarife Attar Atlas Collection,"Pure jasmine sambac, tropical bloom. Petal Territory. Clean, skin-safe perfume oil. Previously known as Arabian Jasmine. Alcohol-free, cruelty-free.",Health & Beauty > Personal Care > Cosmetics > Perfume & Cologne,Unisex,Adult,,g,,,TRUE,,,TRUE,,,active
tobago,,,,,,,,Size,12ml,,,,,TA-TOBAGO-12ML,55,shopify,5,deny,manual,50,,TRUE,TRUE,,,,,,,,,,,,g,,,TRUE,,,TRUE,,,
kandy,KANDY,"<h3>KANDY</h3><p><em>Previously known as Peach Memoir</em></p><p>Soft peach, velvety musk</p><p>The Temple of the Tooth holds the relic in silence, and the gardens hold everything else — orchids, frangipani, the soft velvet of peach blossoms after tropical rain. Kandy is the gentlest place in Sri Lanka, where the hill air softens every edge. The scent here is peach-warm, musk-soft, a velvety exhale that settles on the skin like a benediction.</p><p><strong>Petal Territory</strong> — The Exhale of Living Gardens</p><p>Clean, skin-safe perfume oil. Alcohol-free. Cruelty-free.</p>",Tarife Attar,Health & Beauty > Personal Care > Cosmetics > Perfume & Cologne,Perfume Oil,"Atlas Collection, Petal, Petal Territory, formerly Peach Memoir, Soft peach, velvety musk, perfume oil, clean fragrance, alcohol-free, cruelty-free, skin-safe",TRUE,Size,6ml,,,,,TA-KANDY-6ML,30,shopify,10,deny,manual,30,,TRUE,TRUE,,,1,KANDY perfume oil by Tarife Attar,FALSE,KANDY — Peach Memoir Perfume Oil | Tarife Attar Atlas Collection,"Soft peach, velvety musk. Petal Territory. Clean, skin-safe perfume oil. Previously known as Peach Memoir. Alcohol-free, cruelty-free.",Health & Beauty > Personal Care > Cosmetics > Perfume & Cologne,Unisex,Adult,,g,,,TRUE,,,TRUE,,,active
kandy,,,,,,,,Size,12ml,,,,,TA-KANDY-12ML,55,shopify,5,deny,manual,50,,TRUE,TRUE,,,,,,,,,,,,g,,,TRUE,,,TRUE,,,
manali,MANALI,"<h3>MANALI</h3><p><em>Previously known as Himalayan Musk</em></p><p>High-altitude musk, clean skin</p><p>The pines thin and the Himalayas appear — white peaks against an impossible blue. The air at this altitude is so clean it almost hurts. Musk deer once roamed these slopes, and the high-altitude musk they left behind is the scent of purity itself: cool, luminous, clinging to skin like mountain light. Manali smells like the first breath after everything unnecessary falls away.</p><p><strong>Petal Territory</strong> — The Exhale of Living Gardens</p><p>Clean, skin-safe perfume oil. Alcohol-free. Cruelty-free.</p>",Tarife Attar,Health & Beauty > Personal Care > Cosmetics > Perfume & Cologne,Perfume Oil,"Atlas Collection, Petal, Petal Territory, formerly Himalayan Musk, High-altitude musk, clean skin, perfume oil, clean fragrance, alcohol-free, cruelty-free, skin-safe",TRUE,Size,6ml,,,,,TA-MANALI-6ML,30,shopify,10,deny,manual,30,,TRUE,TRUE,,,1,MANALI perfume oil by Tarife Attar,FALSE,MANALI — Himalayan Musk Perfume Oil | Tarife Attar Atlas Collection,"High-altitude musk, clean skin. Petal Territory. Clean, skin-safe perfume oil. Previously known as Himalayan Musk. Alcohol-free, cruelty-free.",Health & Beauty > Personal Care > Cosmetics > Perfume & Cologne,Unisex,Adult,,g,,,TRUE,,,TRUE,,,active
manali,,,,,,,,Size,12ml,,,,,TA-MANALI-12ML,55,shopify,5,deny,manual,50,,TRUE,TRUE,,,,,,,,,,,,g,,,TRUE,,,TRUE,,,
medina,MEDINA,"<h3>MEDINA</h3><p><em>Previously known as Musk Tahara</em></p><p>Traditional purification musk</p><p>The Prophet's Mosque glows green at nightfall and the air fills with tahara — the musk of ritual purity, of ablution, of beginning again. In Medina, scent is inseparable from faith. The musk is clean, white, absolute. It clings to prayer robes and freshly washed skin, a fragrance that means readiness, that means grace.</p><p><strong>Petal Territory</strong> — The Exhale of Living Gardens</p><p>Clean, skin-safe perfume oil. Alcohol-free. Cruelty-free.</p>",Tarife Attar,Health & Beauty > Personal Care > Cosmetics > Perfume & Cologne,Perfume Oil,"Atlas Collection, Petal, Petal Territory, formerly Musk Tahara, Traditional purification musk, perfume oil, clean fragrance, alcohol-free, cruelty-free, skin-safe",TRUE,Size,6ml,,,,,TA-MEDINA-6ML,30,shopify,10,deny,manual,30,,TRUE,TRUE,,,1,MEDINA perfume oil by Tarife Attar,FALSE,MEDINA — Musk Tahara Perfume Oil | Tarife Attar Atlas Collection,"Traditional purification musk. Petal Territory. Clean, skin-safe perfume oil. Previously known as Musk Tahara. Alcohol-free, cruelty-free.",Health & Beauty > Personal Care > Cosmetics > Perfume & Cologne,Unisex,Adult,,g,,,TRUE,,,TRUE,,,active
medina,,,,,,,,Size,12ml,,,,,TA-MEDINA-12ML,55,shopify,5,deny,manual,50,,TRUE,TRUE,,,,,,,,,,,,g,,,TRUE,,,TRUE,,,
siwa,SIWA,"<h3>SIWA</h3><p><em>Previously known as White Egyptian Musk</em></p><p>Egyptian oasis, white musk</p><p>The oasis appears like a rumor made real — date palms, salt lakes, and a silence so complete you can hear the desert breathe. Cleopatra is said to have bathed in Siwa's springs, and the white musk that rises from the water feels ancient enough to be true. Egyptian, ethereal, a scent carried on heat shimmer and starlight.</p><p><strong>Petal Territory</strong> — The Exhale of Living Gardens</p><p>Clean, skin-safe perfume oil. Alcohol-free. Cruelty-free.</p>",Tarife Attar,Health & Beauty > Personal Care > Cosmetics > Perfume & Cologne,Perfume Oil,"Atlas Collection, Petal, Petal Territory, formerly White Egyptian Musk, Egyptian oasis, white musk, perfume oil, clean fragrance, alcohol-free, cruelty-free, skin-safe",TRUE,Size,6ml,,,,,TA-SIWA-6ML,30,shopify,10,deny,manual,30,,TRUE,TRUE,,,1,SIWA perfume oil by Tarife Attar,FALSE,SIWA — White Egyptian Musk Perfume Oil | Tarife Attar Atlas Collection,"Egyptian oasis, white musk. Petal Territory. Clean, skin-safe perfume oil. Previously known as White Egyptian Musk. Alcohol-free, cruelty-free.",Health & Beauty > Personal Care > Cosmetics > Perfume & Cologne,Unisex,Adult,,g,,,TRUE,,,TRUE,,,active
siwa,,,,,,,,Size,12ml,,,,,TA-SIWA-12ML,55,shopify,5,deny,manual,50,,TRUE,TRUE,,,,,,,,,,,,g,,,TRUE,,,TRUE,,,
astoria,ASTORIA,"<h3>ASTORIA</h3><p><em>Previously known as Pacific Moss</em></p><p>Mossy forest, fir needle, ancient cedar</p><p>The fog rolls in from the Pacific and the forest floor disappears. Moss drapes every surface — fallen cedars, basalt boulders, the bones of shipwrecks that never made it past the bar. Oregon's coast smells primordial: wet earth, ancient cedar, the green patience of things that grow in the absence of light. Astoria is where the land remembers it was once all forest.</p><p><strong>Terra Territory</strong> — The Gravity of Deep Forests</p><p>Clean, skin-safe perfume oil. Alcohol-free. Cruelty-free.</p>",Tarife Attar,Health & Beauty > Personal Care > Cosmetics > Perfume & Cologne,Perfume Oil,"Atlas Collection, Terra, Terra Territory, formerly Pacific Moss, Mossy forest, fir needle, ancient cedar, perfume oil, clean fragrance, alcohol-free, cruelty-free, skin-safe",TRUE,Size,6ml,,,,,TA-ASTORIA-6ML,30,shopify,10,deny,manual,33,,TRUE,TRUE,,,1,ASTORIA perfume oil by Tarife Attar,FALSE,ASTORIA — Pacific Moss Perfume Oil | Tarife Attar Atlas Collection,"Mossy forest, fir needle, ancient cedar. Terra Territory. Clean, skin-safe perfume oil. Previously known as Pacific Moss. Alcohol-free, cruelty-free.",Health & Beauty > Personal Care > Cosmetics > Perfume & Cologne,Unisex,Adult,,g,,,TRUE,,,TRUE,,,active
astoria,,,,,,,,Size,12ml,,,,,TA-ASTORIA-12ML,55,shopify,5,deny,manual,55,,TRUE,TRUE,,,,,,,,,,,,g,,,TRUE,,,TRUE,,,
havana,HAVANA,"<h3>HAVANA</h3><p><em>Previously known as Oud & Tobacco</em></p><p>Dark leaf, cured wood, smoky</p><p>The tobacco leaves hang in the vega barn, curing slowly in Caribbean humidity. Dark leaf, sweet wood, the caramel edge of aged rum — Havana's air is an education in patience. The cigar roller's hands smell of cedar and earth, and the smoke that spirals from the finished product carries the weight of an island that has never stopped smoldering.</p><p><strong>Terra Territory</strong> — The Gravity of Deep Forests</p><p>Clean, skin-safe perfume oil. Alcohol-free. Cruelty-free.</p>",Tarife Attar,Health & Beauty > Personal Care > Cosmetics > Perfume & Cologne,Perfume Oil,"Atlas Collection, Terra, Terra Territory, formerly Oud & Tobacco, Dark leaf, cured wood, smoky, perfume oil, clean fragrance, alcohol-free, cruelty-free, skin-safe",TRUE,Size,6ml,,,,,TA-HAVANA-6ML,30,shopify,10,deny,manual,33,,TRUE,TRUE,,,1,HAVANA perfume oil by Tarife Attar,FALSE,HAVANA — Oud & Tobacco Perfume Oil | Tarife Attar Atlas Collection,"Dark leaf, cured wood, smoky. Terra Territory. Clean, skin-safe perfume oil. Previously known as Oud & Tobacco. Alcohol-free, cruelty-free.",Health & Beauty > Personal Care > Cosmetics > Perfume & Cologne,Unisex,Adult,,g,,,TRUE,,,TRUE,,,active
havana,,,,,,,,Size,12ml,,,,,TA-HAVANA-12ML,55,shopify,5,deny,manual,55,,TRUE,TRUE,,,,,,,,,,,,g,,,TRUE,,,TRUE,,,
hudson,HUDSON,"<h3>HUDSON</h3><p><em>Previously known as Spanish Sandalwood</em></p><p>Cardamom, sandalwood, leather</p><p>The train from Penn Station takes two hours and the city falls away in stages — Harlem, the Bronx, then suddenly the valley opens and the river widens and you are somewhere else entirely. Hudson is antique shops and converted warehouses, independent bookstores and Saturday farmers markets. The creative class comes here to breathe. The sandalwood here is creamy and unhurried, warmed by leather and cedar, the scent of a weekend that stretches into Monday because nobody remembered to set an alarm. Hudson is what happens when ambition learns to exhale.</p><p><strong>Terra Territory</strong> — The Gravity of Deep Forests</p><p>Clean, skin-safe perfume oil. Alcohol-free. Cruelty-free.</p>",Tarife Attar,Health & Beauty > Personal Care > Cosmetics > Perfume & Cologne,Perfume Oil,"Atlas Collection, Terra, Terra Territory, formerly Spanish Sandalwood, Cardamom, sandalwood, leather, perfume oil, clean fragrance, alcohol-free, cruelty-free, skin-safe",TRUE,Size,6ml,,,,,TA-HUDSON-6ML,30,shopify,10,deny,manual,33,,TRUE,TRUE,,,1,HUDSON perfume oil by Tarife Attar,FALSE,HUDSON — Spanish Sandalwood Perfume Oil | Tarife Attar Atlas Collection,"Cardamom, sandalwood, leather. Terra Territory. Clean, skin-safe perfume oil. Previously known as Spanish Sandalwood. Alcohol-free, cruelty-free.",Health & Beauty > Personal Care > Cosmetics > Perfume & Cologne,Unisex,Adult,,g,,,TRUE,,,TRUE,,,active
hudson,,,,,,,,Size,12ml,,,,,TA-HUDSON-12ML,55,shopify,5,deny,manual,55,,TRUE,TRUE,,,,,,,,,,,,g,,,TRUE,,,TRUE,,,
marrakesh,MARRAKESH,"<h3>MARRAKESH</h3><p>Moroccan spice market, warm cedar, leather</p><p>The souk folds around you — leather, cedar, cumin, the metallic ring of hammered brass. Marrakesh is a city that assaults the senses and rewards the brave. In the spice stalls of the Jemaa el-Fnaa, warm cedar chips burn alongside ras el hanout and the oud rises like smoke, woody and magnetic, pulling you deeper into the labyrinth.</p><p><strong>Terra Territory</strong> — The Gravity of Deep Forests</p><p>Clean, skin-safe perfume oil. Alcohol-free. Cruelty-free.</p>",Tarife Attar,Health & Beauty > Personal Care > Cosmetics > Perfume & Cologne,Perfume Oil,"Atlas Collection, Terra, Terra Territory, Moroccan spice market, warm cedar, leather, perfume oil, clean fragrance, alcohol-free, cruelty-free, skin-safe",TRUE,Size,6ml,,,,,TA-MARRAKESH-6ML,30,shopify,10,deny,manual,33,,TRUE,TRUE,,,1,MARRAKESH perfume oil by Tarife Attar,FALSE,MARRAKESH — Perfume Oil | Tarife Attar Atlas Collection,"Moroccan spice market, warm cedar, leather. Terra Territory. Clean, skin-safe perfume oil. Alcohol-free, cruelty-free.",Health & Beauty > Personal Care > Cosmetics > Perfume & Cologne,Unisex,Adult,,g,,,TRUE,,,TRUE,,,active
marrakesh,,,,,,,,Size,12ml,,,,,TA-MARRAKESH-12ML,55,shopify,5,deny,manual,55,,TRUE,TRUE,,,,,,,,,,,,g,,,TRUE,,,TRUE,,,
riyadh,RIYADH,"<h3>RIYADH</h3><p><em>Previously known as Black Oud</em></p><p>Arabian oud, noble wood</p><p>The palace doors close and the room fills with oud — not the tourist variety, but the real thing, aged in crystal decanters for years. In Riyadh, oud is status, devotion, identity. It rises from heated bukhoor, settling into white thobes and silk abayas with a nobility that cannot be faked. This is Arabian oud at its most uncompromising: dark, noble, ancient.</p><p><strong>Terra Territory</strong> — The Gravity of Deep Forests</p><p>Clean, skin-safe perfume oil. Alcohol-free. Cruelty-free.</p>",Tarife Attar,Health & Beauty > Personal Care > Cosmetics > Perfume & Cologne,Perfume Oil,"Atlas Collection, Terra, Terra Territory, formerly Black Oud, Arabian oud, noble wood, perfume oil, clean fragrance, alcohol-free, cruelty-free, skin-safe",TRUE,Size,6ml,,,,,TA-RIYADH-6ML,30,shopify,10,deny,manual,33,,TRUE,TRUE,,,1,RIYADH perfume oil by Tarife Attar,FALSE,RIYADH — Black Oud Perfume Oil | Tarife Attar Atlas Collection,"Arabian oud, noble wood. Terra Territory. Clean, skin-safe perfume oil. Previously known as Black Oud. Alcohol-free, cruelty-free.",Health & Beauty > Personal Care > Cosmetics > Perfume & Cologne,Unisex,Adult,,g,,,TRUE,,,TRUE,,,active
riyadh,,,,,,,,Size,12ml,,,,,TA-RIYADH-12ML,55,shopify,5,deny,manual,55,,TRUE,TRUE,,,,,,,,,,,,g,,,TRUE,,,TRUE,,,
samarkand,SAMARKAND,"<h3>SAMARKAND</h3><p><em>Previously known as Oud Aura</em></p><p>Royal oud, ceremonial wood</p><p>The Registan's turquoise domes shimmer in the Central Asian sun and the Silk Road ghosts are everywhere — merchants who carried oud westward, wrapping it in silk alongside saffron and lapis lazuli. Samarkand is the crossroads of civilization: ceremonial oud, warm wood, the dusty grandeur of an empire that connected East and West through trade, trust, and fragrance.</p><p><strong>Terra Territory</strong> — The Gravity of Deep Forests</p><p>Clean, skin-safe perfume oil. Alcohol-free. Cruelty-free.</p>",Tarife Attar,Health & Beauty > Personal Care > Cosmetics > Perfume & Cologne,Perfume Oil,"Atlas Collection, Terra, Terra Territory, formerly Oud Aura, Royal oud, ceremonial wood, perfume oil, clean fragrance, alcohol-free, cruelty-free, skin-safe",TRUE,Size,6ml,,,,,TA-SAMARKAND-6ML,30,shopify,10,deny,manual,33,,TRUE,TRUE,,,1,SAMARKAND perfume oil by Tarife Attar,FALSE,SAMARKAND — Oud Aura Perfume Oil | Tarife Attar Atlas Collection,"Royal oud, ceremonial wood. Terra Territory. Clean, skin-safe perfume oil. Previously known as Oud Aura. Alcohol-free, cruelty-free.",Health & Beauty > Personal Care > Cosmetics > Perfume & Cologne,Unisex,Adult,,g,,,TRUE,,,TRUE,,,active
samarkand,,,,,,,,Size,12ml,,,,,TA-SAMARKAND-12ML,55,shopify,5,deny,manual,55,,TRUE,TRUE,,,,,,,,,,,,g,,,TRUE,,,TRUE,,,
sicily,SICILY,"<h3>SICILY</h3><p><em>Previously known as Sicilian Oudh</em></p><p>Citrus grove, Mediterranean oud</p><p>The citrus groves climb the volcanic slopes and the air is electric — bergamot, blood orange, the mineral breath of Etna's black soil. Then the oud arrives, Mediterranean and unexpected, softened by salt wind and wild fennel. Sicily is where the grove meets the sea and the oud finds its warmth, yielding a fragrance that is both ancient and impossibly alive.</p><p><strong>Terra Territory</strong> — The Gravity of Deep Forests</p><p>Clean, skin-safe perfume oil. Alcohol-free. Cruelty-free.</p>",Tarife Attar,Health & Beauty > Personal Care > Cosmetics > Perfume & Cologne,Perfume Oil,"Atlas Collection, Terra, Terra Territory, formerly Sicilian Oudh, Citrus grove, Mediterranean oud, perfume oil, clean fragrance, alcohol-free, cruelty-free, skin-safe",TRUE,Size,6ml,,,,,TA-SICILY-6ML,30,shopify,10,deny,manual,33,,TRUE,TRUE,,,1,SICILY perfume oil by Tarife Attar,FALSE,SICILY — Sicilian Oudh Perfume Oil | Tarife Attar Atlas Collection,"Citrus grove, Mediterranean oud. Terra Territory. Clean, skin-safe perfume oil. Previously known as Sicilian Oudh. Alcohol-free, cruelty-free.",Health & Beauty > Personal Care > Cosmetics > Perfume & Cologne,Unisex,Adult,,g,,,TRUE,,,TRUE,,,active
sicily,,,,,,,,Size,12ml,,,,,TA-SICILY-12ML,55,shopify,5,deny,manual,55,,TRUE,TRUE,,,,,,,,,,,,g,,,TRUE,,,TRUE,,,
